{
  "generated_at_utc": "2026-07-10T17:33:09.717561+00:00",
  "version": "advanced_v3",
  "load_path": "local cache: /home/ahmad/AI/AB Test Analysis for a Marketing Compaign/data/ab_data.csv + /home/ahmad/AI/AB Test Analysis for a Marketing Compaign/data/countries.csv",
  "cleaning_detail": "as-treated: raw=294,478, mismatch_drop=3,893, dedup=290,584",
  "n_raw": 294478,
  "n_mismatch": 3893,
  "n_clean": 290584,
  "n_itt": 290584,
  "p_control": 0.1203863045004612,
  "p_treatment": 0.11880806551510564,
  "diff": -0.0015782389853555567,
  "zstat": -1.3109241984234394,
  "pvalue": 0.18988337448195103,
  "ci_low": -0.003937928472370044,
  "ci_high": 0.0007814231316500076,
  "chi2_pvalue": 0.18988337448194853,
  "significant": false,
  "bootstrap_ci_low": -0.003973311902733105,
  "bootstrap_ci_high": 0.0007689282659534958,
  "srm_pvalue": 0.9467543681597944,
  "srm_imbalance_pp": 0.006194422266880828,
  "srm_severe": false,
  "tost_equivalent": true,
  "tost_p_lower": 0.0022401306277979316,
  "tost_p_upper": 2.326834225296892e-08,
  "tost_ci_inside_margin": true,
  "power_mde": 0.9999999996790443,
  "power_obs": 0.2586918955309649,
  "n_for_mde": 17208.506865601572,
  "underpowered_for_mde": false,
  "bayes_p_new_better": 0.09568,
  "bayes_ci_low": -0.003941996425724397,
  "bayes_ci_high": 0.0007820861636111002,
  "itt_diff": -0.001454645698457463,
  "itt_pvalue": 0.22689933216132785,
  "itt_recommendation": "HOLD",
  "primary_recommendation_pre_scorecard": "HOLD",
  "itt_agreement": "YES",
  "itt_detail": "as-treated rec=HOLD, ITT rec=HOLD; ITT diff=-0.001455, p=0.226899",
  "cuped_demo": {
    "var_y": 0.10529398632051648,
    "var_cuped": 0.10466606788465417,
    "var_reduction_pct": 0.5963478616441753,
    "theta": 0.02505825762058519,
    "corr_yx": 0.07722356257284355,
    "se_diff_raw": 0.0012039146630397409,
    "se_diff_cuped": 0.001200319374540415,
    "se_reduction_pct": 0.2986331680891907,
    "note": "Synthetic pre-period covariate for teaching CUPED only. Not present in the public ab_data.csv."
  },
  "as_treated": {
    "policy": "as_treated_drop_mismatches",
    "n_control": 145274,
    "n_treatment": 145310,
    "conv_control": 17489,
    "conv_treatment": 17264,
    "p_control": 0.1203863045004612,
    "p_treatment": 0.11880806551510564,
    "diff": -0.0015782389853555567,
    "rel_diff": -0.01310978845894809,
    "test": {
      "p_control": 0.1203863045004612,
      "p_treatment": 0.11880806551510564,
      "diff": -0.0015782389853555567,
      "zstat": -1.3109241984234394,
      "pvalue": 0.18988337448195103,
      "ci_low": -0.003937928472370044,
      "ci_high": 0.0007814231316500076,
      "chi2stat": 1.7185222540121272,
      "chi2_pvalue": 0.18988337448194853,
      "significant": false
    },
    "srm": {
      "n_control": 145274,
      "n_treatment": 145310,
      "expected_split": 0.5,
      "chi2": 0.004459984032155934,
      "pvalue": 0.9467543681597944,
      "treatment_share": 0.5000619442226688,
      "imbalance_pp": 0.006194422266880828,
      "pass_gate": true,
      "severe": false
    },
    "bootstrap": {
      "mean_diff": -0.0015779115130687001,
      "ci_low": -0.003973311902733105,
      "ci_high": 0.0007689282659534958,
      "n_boot": 2000
    },
    "tost": {
      "margin": 0.005,
      "diff": -0.0015782389853555567,
      "se": 0.0012039105199430048,
      "t_lower": 2.842205428030013,
      "p_lower": 0.0022401306277979316,
      "t_upper": 5.464059725690396,
      "p_upper": 2.326834225296892e-08,
      "equivalent": true,
      "ci_low": -0.003937928472370044,
      "ci_high": 0.0007814231316500076,
      "ci_inside_margin": true
    },
    "power": {
      "p_control": 0.1203863045004612,
      "p_treatment": 0.11880806551510564,
      "diff": -0.0015782389853555567,
      "es_obs": -0.004863778291109178,
      "n_for_obs_effect": 663573.54968418,
      "power_obs": 0.2586918955309649,
      "mde_abs_pp": 0.01,
      "es_mde": 0.03020276534775579,
      "n_for_mde": 17208.506865601572,
      "power_mde": 0.9999999996790443,
      "n_per_arm_actual": 145274,
      "underpowered_for_mde": false
    },
    "bayes": {
      "p_new_better": 0.09568,
      "p_old_better": 0.90432,
      "posterior_mean_lift": -0.0015734606160312074,
      "ci_low": -0.003941996425724397,
      "ci_high": 0.0007820861636111002,
      "mc": 50000
    }
  },
  "itt": {
    "policy": "itt_by_assignment",
    "n_control": 145232,
    "n_treatment": 145352,
    "conv_control": 17471,
    "conv_treatment": 17274,
    "p_control": 0.12029717968491792,
    "p_treatment": 0.11884253398646046,
    "diff": -0.001454645698457463,
    "rel_diff": -0.012092101429704898,
    "test": {
      "p_control": 0.12029717968491792,
      "p_treatment": 0.11884253398646046,
      "diff": -0.001454645698457463,
      "zstat": -1.2083846739740718,
      "pvalue": 0.22689933216132785,
      "ci_low": -0.0038141104972782085,
      "ci_high": 0.0009047810989080696,
      "chi2stat": 1.4601935202954148,
      "chi2_pvalue": 0.22689933216132585,
      "significant": false
    }
  },
  "recommendation": "HOLD",
  "reason": "No significant improvement; experiment already powered for a business-relevant MDE. Keep the old campaign creative."
}